Model_id,input token count,Latency (seconds),Concurrency Level,call transcript,Response
cohere.command-text-v14,309,17.15667200088501,5,"{'prompt': ""A: I wanted to discuss our strategy around generative AI and how we should approach this emerging technology. As you know, several applications have captured a lot of attention recently. \nAction item: Set up a follow-up meeting to brainstorm ideas for where generative AI could be applicable in our products\n\nB: Yes, generative AI is definitely a hot topic right now. All the major tech companies seem to be investing heavily in this space.\nAction item: Research current generative AI initiatives at other tech companies to analyze the competitive landscape\n\nA: Exactly. I think we need to have a plan here too or risk falling behind. What kind of applications do you see for generative AI in our products? Could it be used to automate certain processes or enhance our users' experience?\nAction item: Outline high-level ideas for where generative AI could drive automation or enhance user experience in our products\n\nC: There's certainly potential, but we'd need to proceed cautiously. While the capabilities are impressive, the technology still has problems with accuracy and bias that could negatively impact customers if we don't validate it thoroughly before rolling anything out.\nAction item: Develop a validation framework to rigorously assess accuracy, ethics and safety of any generative AI applications we develop\n\nB: I agree. We'll want to set clear guidelines for what generative AI should and"", 'max_tokens': 100, 'temperature': 0.8}","{""generations"": [{""finish_reason"": ""MAX_TOKENS"", ""id"": ""9494542c-2bc3-4bd7-aa26-320ce9159c86"", ""text"": "" should not do. I'm concerned about legal and liability issues. Who will be responsible if the generative AI system generates something problematic or illegal?\nAction item: Consult with legal team to assess potential risks and develop guidelines to ensure legal and ethical use of generative AI \n\nA: Great, thanks for your input. Let's continue the discussion in our next meeting and come prepared with concrete ideas to explore further. Does everyone agree on this? \n\nB: Absolutely. Generative AI is""}], ""id"": ""d41034ad-5ad1-46f6-8590-941d20494a78"", ""prompt"": ""A: I wanted to discuss our strategy around generative AI and how we should approach this emerging technology. As you know, several applications have captured a lot of attention recently. \nAction item: Set up a follow-up meeting to brainstorm ideas for where generative AI could be applicable in our products\n\nB: Yes, generative AI is definitely a hot topic right now. All the major tech companies seem to be investing heavily in this space.\nAction item: Research current generative AI initiatives at other tech companies to analyze the competitive landscape\n\nA: Exactly. I think we need to have a plan here too or risk falling behind. What kind of applications do you see for generative AI in our products? Could it be used to automate certain processes or enhance our users' experience?\nAction item: Outline high-level ideas for where generative AI could drive automation or enhance user experience in our products\n\nC: There's certainly potential, but we'd need to proceed cautiously. While the capabilities are impressive, the technology still has problems with accuracy and bias that could negatively impact customers if we don't validate it thoroughly before rolling anything out.\nAction item: Develop a validation framework to rigorously assess accuracy, ethics and safety of any generative AI applications we develop\n\nB: I agree. We'll want to set clear guidelines for what generative AI should and""}"
cohere.command-text-v14,248,17.15667200088501,5,"{'prompt': 'Meeting transcript: \nA: Hi B, I want to discuss the workstream for our new product launch\nB: Sure A, is there anything in particular you want to discuss?\nA: Yes, I want to talk about how users enter into the product.  \nB: Ok, in that case let me add in C.\nC: Hey everyone\nB: Hi C, A wants to discuss how users enter into the product.\nA: its too complicated and we should remove friction.  for example, why do I need to fill out additional forms? I also find it difficult to find where to access the product when I first land on the landing page.  \nB: I would also add that I think there are too many steps.\nC: Ok, I can work on the landing page to make the product more discoverable but B can you work on the additonal forms?\nB: Yes but I would need to work with James from another team as he needs to unblock the sign up workflow. A can you document any other concerns so that I can discuss with James only once?\nA: Sure.', 'max_tokens': 100, 'temperature': 0.8}","{""generations"": [{""finish_reason"": ""MAX_TOKENS"", ""id"": ""b64cb2af-3f8e-45c4-ac2a-76b2353e16aa"", ""text"": "" Based on this meeting transcript, it appears that the team is discussing ways to improve the user experience for their new product launch, with a particular focus on simplifying the process for users to enter the product and reducing friction. \n\nIt is also suggested that the team works on the following:\n- Making the product more discoverable by improving the landing page\n- Streamlining the sign-up process by reducing the number of steps and simplifying the forms users need to fill out\n- Improving communication between team""}], ""id"": ""55beaa4a-de8e-4f47-a5d8-733c74f286b5"", ""prompt"": ""Meeting transcript: \nA: Hi B, I want to discuss the workstream for our new product launch\nB: Sure A, is there anything in particular you want to discuss?\nA: Yes, I want to talk about how users enter into the product.  \nB: Ok, in that case let me add in C.\nC: Hey everyone\nB: Hi C, A wants to discuss how users enter into the product.\nA: its too complicated and we should remove friction.  for example, why do I need to fill out additional forms? I also find it difficult to find where to access the product when I first land on the landing page.  \nB: I would also add that I think there are too many steps.\nC: Ok, I can work on the landing page to make the product more discoverable but B can you work on the additonal forms?\nB: Yes but I would need to work with James from another team as he needs to unblock the sign up workflow. A can you document any other concerns so that I can discuss with James only once?\nA: Sure.""}"
cohere.command-text-v14,480,17.15667200088501,5,"{'prompt': ""A: I wanted to further discuss options for the optimal cloud instance type to host our new product recommendation model. As a refresher on the requirements - this model will be query intensive, with thousands of customers hitting the prediction API simultaneously. And it relies on a large deep neural network for the recommendations. \n\nB: Yes, we should go through the pros and cons again of the main instance family options available. For standard instance types without GPUs, we'd likely need to go with a high CPU and memory specification to handle the computation and concurrency needs.\n\nC: Standard instances would be more cost-effective, but prediction latency would suffer without GPU acceleration. The neural network calculations could be 5-10x slower based on our initial benchmarks. For a customer-facing model, slow predictions could lead to poor user experience.\n\nA: That's a very good point. While GPU-powered instances would be more expensive, the business value of sub-second prediction latency for users is high. We want customers to get engaging, personalized recommendations immediately to drive conversions.\n\nB: I agree, I think GPU acceleration makes more sense despite the increased cloud costs. In addition to the deep learning performance boost, some of the other model parallelization and tuning optimizations we're doing would also run faster on GPUs.\n\nC: It seems like GPU instances are the way to go then as long as the total monthly cost is affordable. However, we may be able to optimize the specific type of GPU instance to find the best balance of throughput versus cost. \n\nA: Definitely, the major cloud providers offer an array of GPU instance types optimized for different use cases. We should benchmark performance against our workload with NVIDIA T4 GPUs, which are cost-optimized options, as well as some higher-end options like A100 GPUs.\n\nC: Do you think we should also explore using something like Elastic Inference GPU attachments? Those let you augment existing instances with fractional GPU access that is more cost-effective.\n\nB: Hmm good question. In theory that could work well for the cost-performance balance. We'd need to test compatibility with the types of GPU optimizations we're running in the model though..."", 'max_tokens': 100, 'temperature': 0.8}","{""generations"": [{""finish_reason"": ""MAX_TOKENS"", ""id"": ""d490349a-0b68-409e-9d5c-4070474c3810"", ""text"": "" Certainly! It's important to consider cost and performance when choosing a cloud instance type to host your product recommendation model. Based on the given requirements, using GPU-powered instances appears to be the best option for achieving sub-second prediction latency and handling the query intensity. \n\nHowever, to make a more informed decision, it's recommended to explore the various GPU instance types and options available from different cloud providers. This includes testing compatibility with different GPU types, such as NVIDIA's T4 and A100""}], ""id"": ""18bf1e81-e9b2-4b99-b6cb-e79d282fe4e0"", ""prompt"": ""A: I wanted to further discuss options for the optimal cloud instance type to host our new product recommendation model. As a refresher on the requirements - this model will be query intensive, with thousands of customers hitting the prediction API simultaneously. And it relies on a large deep neural network for the recommendations. \n\nB: Yes, we should go through the pros and cons again of the main instance family options available. For standard instance types without GPUs, we'd likely need to go with a high CPU and memory specification to handle the computation and concurrency needs.\n\nC: Standard instances would be more cost-effective, but prediction latency would suffer without GPU acceleration. The neural network calculations could be 5-10x slower based on our initial benchmarks. For a customer-facing model, slow predictions could lead to poor user experience.\n\nA: That's a very good point. While GPU-powered instances would be more expensive, the business value of sub-second prediction latency for users is high. We want customers to get engaging, personalized recommendations immediately to drive conversions.\n\nB: I agree, I think GPU acceleration makes more sense despite the increased cloud costs. In addition to the deep learning performance boost, some of the other model parallelization and tuning optimizations we're doing would also run faster on GPUs.\n\nC: It seems like GPU instances are the way to go then as long as the total monthly cost is affordable. However, we may be able to optimize the specific type of GPU instance to find the best balance of throughput versus cost. \n\nA: Definitely, the major cloud providers offer an array of GPU instance types optimized for different use cases. We should benchmark performance against our workload with NVIDIA T4 GPUs, which are cost-optimized options, as well as some higher-end options like A100 GPUs.\n\nC: Do you think we should also explore using something like Elastic Inference GPU attachments? Those let you augment existing instances with fractional GPU access that is more cost-effective.\n\nB: Hmm good question. In theory that could work well for the cost-performance balance. We'd need to test compatibility with the types of GPU optimizations we're running in the model though...""}"
cohere.command-text-v14,421,17.15667200088501,5,"{'prompt': ""A: I wanted to have a broader discussion on responsible AI development principles. As we build more AI models, how do we ensure they are helpful, harmless, and aligned with human values?\n\nB: This is an important topic. We need to make ethical considerations a priority from the beginning of any AI project, not an afterthought. I think we should develop a review process focused on safety for all new models. \n\nAction item: Draft a proposal for an AI model safety review framework \n\nC: I agree. We should analyze potential risks like data bias and misuse upfront. Models also need to be secure - what if they were hacked?\n\nAction item: Outline additional potential safety risks to address such as data/algorithm bias and security\n\nA: Valid points. Besides analyzing risks, we also need to ensure the objectives we give AI align with human values more broadly. Like being helpful to users, not just maximizing some narrow metric. \n\nAction item: Explore methodologies for value alignment in AI systems\n\nB: The objectives point connects to transparency too. Any AI decisions that impact users should be explainable. If we can't understand why an AI did something, we can't verify it's aligned.  \n\nAction item: Research existing XAI (explainable AI) techniques to augment our models\n\nC: Adding explainability makes sense. We should also discuss how to carefully test models before launch to catch additional issues. And have a plan to monitor their impacts over time.\n\nAction item: Develop testing and monitoring standards for AI models based on industry best practices\n\nA: Great suggestions all around. It seems like we have a blueprint to make responsibility, safety and ethics central to our AI efforts here. I'm optimistic if we build these considerations in from the start, we can drive real progress. Does anyone have any other thoughts before we break?"", 'max_tokens': 100, 'temperature': 0.8}","{""generations"": [{""finish_reason"": ""MAX_TOKENS"", ""id"": ""026fdaac-d59e-42b1-bc7b-bce75b0032d8"", ""text"": "" It is clear that developing responsible AI is of paramount importance. The suggestions brought up by each member of the team lay out a comprehensive plan to make sure that the AI models are aligned with human values and ethics. From the proposal of an AI model safety review framework to the development of testing and monitoring standards, each action item covers a vital aspect of responsible AI development.  By building in these considerations from the early stages of AI development, the team is taking crucial steps towards ensuring that the technology progresses in""}], ""id"": ""0c570954-0120-4597-acb4-cc2d53f26201"", ""prompt"": ""A: I wanted to have a broader discussion on responsible AI development principles. As we build more AI models, how do we ensure they are helpful, harmless, and aligned with human values?\n\nB: This is an important topic. We need to make ethical considerations a priority from the beginning of any AI project, not an afterthought. I think we should develop a review process focused on safety for all new models. \n\nAction item: Draft a proposal for an AI model safety review framework \n\nC: I agree. We should analyze potential risks like data bias and misuse upfront. Models also need to be secure - what if they were hacked?\n\nAction item: Outline additional potential safety risks to address such as data/algorithm bias and security\n\nA: Valid points. Besides analyzing risks, we also need to ensure the objectives we give AI align with human values more broadly. Like being helpful to users, not just maximizing some narrow metric. \n\nAction item: Explore methodologies for value alignment in AI systems\n\nB: The objectives point connects to transparency too. Any AI decisions that impact users should be explainable. If we can't understand why an AI did something, we can't verify it's aligned.  \n\nAction item: Research existing XAI (explainable AI) techniques to augment our models\n\nC: Adding explainability makes sense. We should also discuss how to carefully test models before launch to catch additional issues. And have a plan to monitor their impacts over time.\n\nAction item: Develop testing and monitoring standards for AI models based on industry best practices\n\nA: Great suggestions all around. It seems like we have a blueprint to make responsibility, safety and ethics central to our AI efforts here. I'm optimistic if we build these considerations in from the start, we can drive real progress. Does anyone have any other thoughts before we break?""}"
cohere.command-text-v14,310,17.15667200088501,5,"{'prompt': 'A: I wanted to discuss ideas for a new startup in the mobile gaming space. The success of companies like Angry Birds shows there is a lot of potential still untapped. \nAction item: Research recent trends and growth in mobile gaming to identify opportunities\n\nB: I agree mobile gaming is hot right now. Have you thought about potential types of games we could develop? Should we try freemium or paid apps?\nAction item: Outline pros and cons for freemium vs paid monetization models\n\nC: We should consider other business models too like in-game ads or sponsorships. The key is retaining users and driving high engagement.\nAction item: Explore in-game ad networks and pricing\nAction item: Brainstorm ideas to maximize user retention \n\nA: Those are good points. I also think we need to prototype game concepts quickly to validate demand before investing too heavily in development.\nAction item: Define process for rapidly prototyping and testing game concepts  \n\nB: Yes, we could even use some AI tools now to auto-generate simple game artwork and mechanics. This can help speed up testing. \nAction item: Evaluate AI-powered game prototyping tools to complement our development efforts\n\nC: Automating pieces through AI makes sense. Though we still need to ensure quality bar for any games we officially launch.\n', 'max_tokens': 100, 'temperature': 0.8}","{""generations"": [{""finish_reason"": ""MAX_TOKENS"", ""id"": ""0ab40026-ea34-4b61-a4e9-4207897f8ce0"", ""text"": "" Here is a summary of the team's discussion:\n\nThe group has identified a potential opportunity in mobile gaming and will research current trends and growth in the industry. \n\nThey will also consider potential monetization models and will outline the pros and cons of a freemium versus paid model. \n\nThe group is open to other business models and will explore in-game ads or sponsorships as well as brainstorm ideas to maximize user retention. \n\nThey will prototype game concepts rapidly to validate demand before""}], ""id"": ""ef692ff6-6d76-49ba-a9d1-28557468d0a8"", ""prompt"": ""A: I wanted to discuss ideas for a new startup in the mobile gaming space. The success of companies like Angry Birds shows there is a lot of potential still untapped. \nAction item: Research recent trends and growth in mobile gaming to identify opportunities\n\nB: I agree mobile gaming is hot right now. Have you thought about potential types of games we could develop? Should we try freemium or paid apps?\nAction item: Outline pros and cons for freemium vs paid monetization models\n\nC: We should consider other business models too like in-game ads or sponsorships. The key is retaining users and driving high engagement.\nAction item: Explore in-game ad networks and pricing\nAction item: Brainstorm ideas to maximize user retention \n\nA: Those are good points. I also think we need to prototype game concepts quickly to validate demand before investing too heavily in development.\nAction item: Define process for rapidly prototyping and testing game concepts  \n\nB: Yes, we could even use some AI tools now to auto-generate simple game artwork and mechanics. This can help speed up testing. \nAction item: Evaluate AI-powered game prototyping tools to complement our development efforts\n\nC: Automating pieces through AI makes sense. Though we still need to ensure quality bar for any games we officially launch.\n""}"
amazon.titan-text-express-v1,296,19.271446228027344,5,"{'inputText': ""A: I wanted to discuss our strategy around generative AI and how we should approach this emerging technology. As you know, several applications have captured a lot of attention recently. \nAction item: Set up a follow-up meeting to brainstorm ideas for where generative AI could be applicable in our products\n\nB: Yes, generative AI is definitely a hot topic right now. All the major tech companies seem to be investing heavily in this space.\nAction item: Research current generative AI initiatives at other tech companies to analyze the competitive landscape\n\nA: Exactly. I think we need to have a plan here too or risk falling behind. What kind of applications do you see for generative AI in our products? Could it be used to automate certain processes or enhance our users' experience?\nAction item: Outline high-level ideas for where generative AI could drive automation or enhance user experience in our products\n\nC: There's certainly potential, but we'd need to proceed cautiously. While the capabilities are impressive, the technology still has problems with accuracy and bias that could negatively impact customers if we don't validate it thoroughly before rolling anything out.\nAction item: Develop a validation framework to rigorously assess accuracy, ethics and safety of any generative AI applications we develop\n\nB: I agree. We'll want to set clear guidelines for what generative AI should and""}","{""inputTextTokenCount"": 282, ""results"": [{""tokenCount"": 128, ""outputText"": "" should not be used for, and ensure that our team has the necessary training and resources to implement it effectively.\nAction item: Create a policy document outlining the responsible use of generative AI and establish a training program for our team\n\nA: Excellent. Let's schedule a follow-up meeting in two weeks to review our progress and discuss any additional steps we need to take. In the meantime, please continue to research and gather examples of where generative AI is being used in other industries.\nAction item: Prepare a presentation outlining our initial findings and recommendations for generative AI\nBy setting up a follow-up meeting to brainstorm"", ""completionReason"": ""LENGTH""}]}"
amazon.titan-text-express-v1,236,19.271446228027344,5,"{'inputText': 'Meeting transcript: \nA: Hi B, I want to discuss the workstream for our new product launch\nB: Sure A, is there anything in particular you want to discuss?\nA: Yes, I want to talk about how users enter into the product.  \nB: Ok, in that case let me add in C.\nC: Hey everyone\nB: Hi C, A wants to discuss how users enter into the product.\nA: its too complicated and we should remove friction.  for example, why do I need to fill out additional forms? I also find it difficult to find where to access the product when I first land on the landing page.  \nB: I would also add that I think there are too many steps.\nC: Ok, I can work on the landing page to make the product more discoverable but B can you work on the additonal forms?\nB: Yes but I would need to work with James from another team as he needs to unblock the sign up workflow. A can you document any other concerns so that I can discuss with James only once?\nA: Sure.'}","{""inputTextTokenCount"": 234, ""results"": [{""tokenCount"": 73, ""outputText"": "" I will document them and send it to you by EOD.\nA, B, and C are discussing how users enter into the product. A wants to remove friction and make it more discoverable, while B wants to work with James from another team to unblock the sign up workflow. A will document any other concerns and send them to B by EOD."", ""completionReason"": ""FINISH""}]}"
amazon.titan-text-express-v1,468,19.271446228027344,5,"{'inputText': ""A: I wanted to further discuss options for the optimal cloud instance type to host our new product recommendation model. As a refresher on the requirements - this model will be query intensive, with thousands of customers hitting the prediction API simultaneously. And it relies on a large deep neural network for the recommendations. \n\nB: Yes, we should go through the pros and cons again of the main instance family options available. For standard instance types without GPUs, we'd likely need to go with a high CPU and memory specification to handle the computation and concurrency needs.\n\nC: Standard instances would be more cost-effective, but prediction latency would suffer without GPU acceleration. The neural network calculations could be 5-10x slower based on our initial benchmarks. For a customer-facing model, slow predictions could lead to poor user experience.\n\nA: That's a very good point. While GPU-powered instances would be more expensive, the business value of sub-second prediction latency for users is high. We want customers to get engaging, personalized recommendations immediately to drive conversions.\n\nB: I agree, I think GPU acceleration makes more sense despite the increased cloud costs. In addition to the deep learning performance boost, some of the other model parallelization and tuning optimizations we're doing would also run faster on GPUs.\n\nC: It seems like GPU instances are the way to go then as long as the total monthly cost is affordable. However, we may be able to optimize the specific type of GPU instance to find the best balance of throughput versus cost. \n\nA: Definitely, the major cloud providers offer an array of GPU instance types optimized for different use cases. We should benchmark performance against our workload with NVIDIA T4 GPUs, which are cost-optimized options, as well as some higher-end options like A100 GPUs.\n\nC: Do you think we should also explore using something like Elastic Inference GPU attachments? Those let you augment existing instances with fractional GPU access that is more cost-effective.\n\nB: Hmm good question. In theory that could work well for the cost-performance balance. We'd need to test compatibility with the types of GPU optimizations we're running in the model though...""}","{""inputTextTokenCount"": 460, ""results"": [{""tokenCount"": 128, ""outputText"": ""\n\nA: Agreed, it's worth exploring. Another option could be to use a managed service like Amazon SageMaker to run our model in a fully managed environment with GPU instances.\n\nB: That's a good point. SageMaker would take care of scaling the instances based on demand, as well as managing the underlying infrastructure. However, we'd need to ensure that the model performance is acceptable within the managed service environment.\n\nA: That's true, we'd need to do some performance testing with SageMaker before making a decision. Overall, it seems like we have a good understanding of the options and requirements for"", ""completionReason"": ""LENGTH""}]}"
amazon.titan-text-express-v1,409,19.271446228027344,5,"{'inputText': ""A: I wanted to have a broader discussion on responsible AI development principles. As we build more AI models, how do we ensure they are helpful, harmless, and aligned with human values?\n\nB: This is an important topic. We need to make ethical considerations a priority from the beginning of any AI project, not an afterthought. I think we should develop a review process focused on safety for all new models. \n\nAction item: Draft a proposal for an AI model safety review framework \n\nC: I agree. We should analyze potential risks like data bias and misuse upfront. Models also need to be secure - what if they were hacked?\n\nAction item: Outline additional potential safety risks to address such as data/algorithm bias and security\n\nA: Valid points. Besides analyzing risks, we also need to ensure the objectives we give AI align with human values more broadly. Like being helpful to users, not just maximizing some narrow metric. \n\nAction item: Explore methodologies for value alignment in AI systems\n\nB: The objectives point connects to transparency too. Any AI decisions that impact users should be explainable. If we can't understand why an AI did something, we can't verify it's aligned.  \n\nAction item: Research existing XAI (explainable AI) techniques to augment our models\n\nC: Adding explainability makes sense. We should also discuss how to carefully test models before launch to catch additional issues. And have a plan to monitor their impacts over time.\n\nAction item: Develop testing and monitoring standards for AI models based on industry best practices\n\nA: Great suggestions all around. It seems like we have a blueprint to make responsibility, safety and ethics central to our AI efforts here. I'm optimistic if we build these considerations in from the start, we can drive real progress. Does anyone have any other thoughts before we break?""}","{""inputTextTokenCount"": 385, ""results"": [{""tokenCount"": 128, ""outputText"": ""\n\nB: One thing I'd like to add is that we should engage with a wide range of stakeholders throughout the AI development process, including experts in ethics, law and various user groups. Their perspectives can help us identify and address potential issues more effectively.\n\nAction item: Establish a stakeholder engagement framework for AI projects\n\nC: Absolutely. And we should continuously learn from past mistakes and improve our approaches over time. AI is a rapidly evolving field, and we need to stay ahead of the curve by being proactive and accountable.\n\nAction item: Commit to ongoing learning and improvement in responsible AI development practices\n\nA:"", ""completionReason"": ""LENGTH""}]}"
amazon.titan-text-express-v1,297,19.271446228027344,5,"{'inputText': 'A: I wanted to discuss ideas for a new startup in the mobile gaming space. The success of companies like Angry Birds shows there is a lot of potential still untapped. \nAction item: Research recent trends and growth in mobile gaming to identify opportunities\n\nB: I agree mobile gaming is hot right now. Have you thought about potential types of games we could develop? Should we try freemium or paid apps?\nAction item: Outline pros and cons for freemium vs paid monetization models\n\nC: We should consider other business models too like in-game ads or sponsorships. The key is retaining users and driving high engagement.\nAction item: Explore in-game ad networks and pricing\nAction item: Brainstorm ideas to maximize user retention \n\nA: Those are good points. I also think we need to prototype game concepts quickly to validate demand before investing too heavily in development.\nAction item: Define process for rapidly prototyping and testing game concepts  \n\nB: Yes, we could even use some AI tools now to auto-generate simple game artwork and mechanics. This can help speed up testing. \nAction item: Evaluate AI-powered game prototyping tools to complement our development efforts\n\nC: Automating pieces through AI makes sense. Though we still need to ensure quality bar for any games we officially launch.\n'}","{""inputTextTokenCount"": 277, ""results"": [{""tokenCount"": 60, ""outputText"": ""Action item: Outline quality control processes and standards for game releases\n\nA: Agreed. Let's also stay up-to-date with the latest technology and platforms to ensure our games are compatible with the most popular devices.\nAction item: Research and stay informed about emerging mobile gaming technologies"", ""completionReason"": ""FINISH""}]}"
anthropic.claude-instant-v1,337,23.59156107902527,5,"{'prompt': ""\n\nHuman: A: I wanted to discuss our strategy around generative AI and how we should approach this emerging technology. As you know, several applications have captured a lot of attention recently. \nAction item: Set up a follow-up meeting to brainstorm ideas for where generative AI could be applicable in our products\n\nB: Yes, generative AI is definitely a hot topic right now. All the major tech companies seem to be investing heavily in this space.\nAction item: Research current generative AI initiatives at other tech companies to analyze the competitive landscape\n\nA: Exactly. I think we need to have a plan here too or risk falling behind. What kind of applications do you see for generative AI in our products? Could it be used to automate certain processes or enhance our users' experience?\nAction item: Outline high-level ideas for where generative AI could drive automation or enhance user experience in our products\n\nC: There's certainly potential, but we'd need to proceed cautiously. While the capabilities are impressive, the technology still has problems with accuracy and bias that could negatively impact customers if we don't validate it thoroughly before rolling anything out.\nAction item: Develop a validation framework to rigorously assess accuracy, ethics and safety of any generative AI applications we develop\n\nB: I agree. We'll want to set clear guidelines for what generative AI should and\n\nAssistant:"", 'max_tokens_to_sample': 300, 'temperature': 0.5, 'top_k': 250, 'top_p': 1}","{""completion"": "" You all raise valid points. While generative AI shows promise, ensuring safety, accuracy and ethics should be top priorities before product integration. Some next steps:\n\n1. Assess opportunities, but also risks. Where could it enhance experiences responsibly? What biases need addressing? \n\n2. Develop multi-stage validation framework. Test accuracy across diverse contexts and users. Closely monitor for unintended harms. \n\n3. Consider pilot programs. Start small, learn fast. Gather feedback to continuously improve models and address issues. \n\n4. Set clear policy guidelines. Define what's in/out of scope to manage expectations. Focus on transparency and accountability.\n\n5. Monitor competition but also collaborate. Share best practices for responsible development through industry partnerships. \n\nProgressing carefully and conscientiously will be key to earning trust and building generative AI solutions people feel good about using. Does this help further the discussion in a balanced, thoughtful direction? Open to other perspectives as well."", ""stop_reason"": ""stop_sequence"", ""stop"": ""\n\nHuman:""}"
anthropic.claude-instant-v1,276,23.59156107902527,5,"{'prompt': '\n\nHuman: Meeting transcript: \nA: Hi B, I want to discuss the workstream for our new product launch\nB: Sure A, is there anything in particular you want to discuss?\nA: Yes, I want to talk about how users enter into the product.  \nB: Ok, in that case let me add in C.\nC: Hey everyone\nB: Hi C, A wants to discuss how users enter into the product.\nA: its too complicated and we should remove friction.  for example, why do I need to fill out additional forms? I also find it difficult to find where to access the product when I first land on the landing page.  \nB: I would also add that I think there are too many steps.\nC: Ok, I can work on the landing page to make the product more discoverable but B can you work on the additonal forms?\nB: Yes but I would need to work with James from another team as he needs to unblock the sign up workflow. A can you document any other concerns so that I can discuss with James only once?\nA: Sure.\n\nAssistant:', 'max_tokens_to_sample': 300, 'temperature': 0.5, 'top_k': 250, 'top_p': 1}","{""completion"": "" Here is a summary of the key discussion points:\n\n- A wanted to discuss how users enter the product and find it too complicated with too much friction. Specifically, A questioned why additional forms need to be filled out. \n\n- A also found it difficult to find where to access the product when first landing on the homepage. \n\n- B agreed there are too many steps for users to enter the product.\n\n- C offered to work on improving the landing page to make the product more discoverable. \n\n- B agreed to work on streamlining the additional forms but will need to coordinate with James from another team to unblock the signup workflow. \n\n- A agreed to document any other concerns so B can discuss with James to address issues in one go.\n\nThe main topics discussed were friction in the user entry process, specifically around additional forms and discoverability on the landing page. Both B and C took action items to work on simplifying forms and improving discoverability respectively by coordinating with other teams as needed."", ""stop_reason"": ""stop_sequence"", ""stop"": ""\n\nHuman:""}"
anthropic.claude-instant-v1,508,23.59156107902527,5,"{'prompt': ""\n\nHuman: A: I wanted to further discuss options for the optimal cloud instance type to host our new product recommendation model. As a refresher on the requirements - this model will be query intensive, with thousands of customers hitting the prediction API simultaneously. And it relies on a large deep neural network for the recommendations. \n\nB: Yes, we should go through the pros and cons again of the main instance family options available. For standard instance types without GPUs, we'd likely need to go with a high CPU and memory specification to handle the computation and concurrency needs.\n\nC: Standard instances would be more cost-effective, but prediction latency would suffer without GPU acceleration. The neural network calculations could be 5-10x slower based on our initial benchmarks. For a customer-facing model, slow predictions could lead to poor user experience.\n\nA: That's a very good point. While GPU-powered instances would be more expensive, the business value of sub-second prediction latency for users is high. We want customers to get engaging, personalized recommendations immediately to drive conversions.\n\nB: I agree, I think GPU acceleration makes more sense despite the increased cloud costs. In addition to the deep learning performance boost, some of the other model parallelization and tuning optimizations we're doing would also run faster on GPUs.\n\nC: It seems like GPU instances are the way to go then as long as the total monthly cost is affordable. However, we may be able to optimize the specific type of GPU instance to find the best balance of throughput versus cost. \n\nA: Definitely, the major cloud providers offer an array of GPU instance types optimized for different use cases. We should benchmark performance against our workload with NVIDIA T4 GPUs, which are cost-optimized options, as well as some higher-end options like A100 GPUs.\n\nC: Do you think we should also explore using something like Elastic Inference GPU attachments? Those let you augment existing instances with fractional GPU access that is more cost-effective.\n\nB: Hmm good question. In theory that could work well for the cost-performance balance. We'd need to test compatibility with the types of GPU optimizations we're running in the model though...\n\nAssistant:"", 'max_tokens_to_sample': 300, 'temperature': 0.5, 'top_k': 250, 'top_p': 1}","{""completion"": "" Here are a few key points I gathered from your discussion:\n\n- GPU acceleration is important for low prediction latency, which impacts the customer experience. While more expensive, this business value outweighs the increased cloud costs.\n\n- Benchmarking different GPU instance types against your specific workload can help find the optimal balance of throughput and cost. Cost-optimized NVIDIA T4 GPUs as well as higher-end A100 GPUs should be tested. \n\n- Elastic Inference GPU attachments could potentially provide a more cost-effective alternative by augmenting existing instances with fractional GPU access. Compatibility with your model optimizations would need to be verified.\n\nThe overall consensus seems to be pursuing GPU-accelerated instances. Further testing different GPU options and Elastic Inference is recommended to identify the most cost-effective solution that meets performance needs. Continued benchmarking and optimization efforts will help ensure the best customer experience within your cloud budget."", ""stop_reason"": ""stop_sequence"", ""stop"": ""\n\nHuman:""}"
anthropic.claude-instant-v1,449,23.59156107902527,5,"{'prompt': ""\n\nHuman: A: I wanted to have a broader discussion on responsible AI development principles. As we build more AI models, how do we ensure they are helpful, harmless, and aligned with human values?\n\nB: This is an important topic. We need to make ethical considerations a priority from the beginning of any AI project, not an afterthought. I think we should develop a review process focused on safety for all new models. \n\nAction item: Draft a proposal for an AI model safety review framework \n\nC: I agree. We should analyze potential risks like data bias and misuse upfront. Models also need to be secure - what if they were hacked?\n\nAction item: Outline additional potential safety risks to address such as data/algorithm bias and security\n\nA: Valid points. Besides analyzing risks, we also need to ensure the objectives we give AI align with human values more broadly. Like being helpful to users, not just maximizing some narrow metric. \n\nAction item: Explore methodologies for value alignment in AI systems\n\nB: The objectives point connects to transparency too. Any AI decisions that impact users should be explainable. If we can't understand why an AI did something, we can't verify it's aligned.  \n\nAction item: Research existing XAI (explainable AI) techniques to augment our models\n\nC: Adding explainability makes sense. We should also discuss how to carefully test models before launch to catch additional issues. And have a plan to monitor their impacts over time.\n\nAction item: Develop testing and monitoring standards for AI models based on industry best practices\n\nA: Great suggestions all around. It seems like we have a blueprint to make responsibility, safety and ethics central to our AI efforts here. I'm optimistic if we build these considerations in from the start, we can drive real progress. Does anyone have any other thoughts before we break?\n\nAssistant:"", 'max_tokens_to_sample': 300, 'temperature': 0.5, 'top_k': 250, 'top_p': 1}","{""completion"": "" You all raise excellent points. A few additional thoughts:\n\n- Involve diverse stakeholders. Getting varied perspectives from those impacted can help surface unforeseen issues and build trust. \n\n- Consider human-AI collaboration. Rather than replacing humans, focus on augmenting our strengths while mitigating weaknesses. \n\n- Be transparent not just in model decisions, but development process. Openness helps accountability.\n\n- Continually reevaluate goals and impacts. What works now may not tomorrow as technology and society evolve. Adaptability is key.\n\n- Share knowledge and solutions. No one has all the answers. Collaboration across companies and disciplines multiplies our collective progress.\n\nThe guidelines you outlined - from risk analysis to value alignment to testing and monitoring - form a strong foundation. With openness, diversity of thought, and a willingness to learn from mistakes, I'm hopeful we can build advanced AI that truly benefits humanity. Our shared future depends on getting this right."", ""stop_reason"": ""stop_sequence"", ""stop"": ""\n\nHuman:""}"
anthropic.claude-instant-v1,338,23.59156107902527,5,"{'prompt': '\n\nHuman: A: I wanted to discuss ideas for a new startup in the mobile gaming space. The success of companies like Angry Birds shows there is a lot of potential still untapped. \nAction item: Research recent trends and growth in mobile gaming to identify opportunities\n\nB: I agree mobile gaming is hot right now. Have you thought about potential types of games we could develop? Should we try freemium or paid apps?\nAction item: Outline pros and cons for freemium vs paid monetization models\n\nC: We should consider other business models too like in-game ads or sponsorships. The key is retaining users and driving high engagement.\nAction item: Explore in-game ad networks and pricing\nAction item: Brainstorm ideas to maximize user retention \n\nA: Those are good points. I also think we need to prototype game concepts quickly to validate demand before investing too heavily in development.\nAction item: Define process for rapidly prototyping and testing game concepts  \n\nB: Yes, we could even use some AI tools now to auto-generate simple game artwork and mechanics. This can help speed up testing. \nAction item: Evaluate AI-powered game prototyping tools to complement our development efforts\n\nC: Automating pieces through AI makes sense. Though we still need to ensure quality bar for any games we officially launch.\n\n\nAssistant:', 'max_tokens_to_sample': 300, 'temperature': 0.5, 'top_k': 250, 'top_p': 1}","{""completion"": "" Here are some key points and next steps we discussed:\n\n- Mobile gaming continues to see strong growth, providing opportunities to develop new hit games.\n\n- We should research recent trends to identify promising genres or mechanics. \n\n- Both freemium and paid models have pros and cons we need to evaluate for our target audience and game types. \n\n- In-game ads or sponsorships could supplement other revenue models if implemented well. \n\n- User retention and engagement will be critical for long term success. \n\n- Rapidly prototyping and testing early concepts can help validate ideas before major development investment. \n\n- AI-powered tools show promise for accelerating prototyping through automated art/mechanics, worth exploring further.\n\nNext steps:\n\n- Research mobile gaming market trends and growth areas.  \n\n- Outline pros/cons of freemium vs paid models.  \n\n- Explore in-game ad networks and pricing models. \n\n- Brainstorm retention strategies for different game genres.\n\n- Define process for rapid prototyping and concept testing. \n\n- Evaluate AI tools that could speed up early prototyping phases.\n\nDoes this accurately capture the key discussion points and proposed next steps? Let me know if any part needs clarification or expansion."", ""stop_reason"": ""stop_sequence"", ""stop"": ""\n\nHuman:""}"
